{"metadata":{"asset_id":"c4a9ddb3-5616-4cdf-ad0f-295f85e9e852","asset_attributes":["data_asset"],"name":"insurance.csv","asset_type":"data_asset","created_at":"2021-06-24T14:55:12Z","description":"","origin_country":"us","owner_id":"IBMid-66100254L9","project_id":"5f52e9b8-5e8d-4e06-a819-dfd91d131407","size":50264,"tags":[],"usage":{"last_update_time":1624546548848,"last_updated_at":"2021-06-24T14:55:48Z"}},"entity":{"data_asset":{"mime_type":"text/csv","dataset":false}},"attachments":[{"id":"23810f6c-b3b9-45e9-a05e-245a74a0d939","version":2,"asset_type":"data_asset","name":"insurance.csv","mime":"text/csv","datasource_type":"193a97c1-4475-4a19-b90c-295c4fdc6517","object_key":"insurance.csv","creator_id":"IBMid-66100254L9","create_time":1624546513797,"size":50264,"is_remote":false,"is_managed":false,"is_referenced":true,"is_object_key_read_only":true,"is_user_provided_path_key":true,"transfer_complete":true,"is_partitioned":false,"complete_time_ticks":1624546513797,"user_data":{},"test_doc":0,"handle":{"bucket":"healthinsurancepremiumprediction-donotdelete-pr-oj1gfnjzpa9z2v","location":"us-geo","key":"insurance.csv","upload_id":"done","max_part_num":1},"usage":{"access_count":1,"last_accessor_id":"IBMid-66100254L9","last_access_time":1624546548846,"last_updater_id":"IBMid-66100254L9","last_update_time":1624546548846}}]}
