{"metadata":{"asset_id":"191ada46-5200-4821-a60c-166a0d862d07","asset_attributes":["notebook"],"name":"Health Insurance Premium Project - experiment notebook","asset_type":"notebook","created_at":"2021-06-24T15:07:05Z","description":"This project aims at building a web App that automatically estimates premium cost by taking the input values.","origin_country":"us","owner_id":"IBMid-66100254L9","project_id":"5f52e9b8-5e8d-4e06-a819-dfd91d131407","size":26099,"tags":[],"usage":{"last_update_time":1624547230044,"last_updated_at":"2021-06-24T15:07:10Z"}},"entity":{"notebook":{"kernel":{"display_name":"Python 3.7","name":"python3","language":"python"},"originates_from":{"type":"blank"},"runtime":{"environment":"conda4py37-5f52e9b8-5e8d-4e06-a819-dfd91d131407"}}},"attachments":[{"id":"cb0fe5d3-e577-42f9-a07b-f685d97477fb","version":2,"asset_type":"notebook","name":"Health Insurance Premium Project - experiment notebook","description":"This project aims at building a web App that automatically estimates premium cost by taking the input values.","datasource_type":"193a97c1-4475-4a19-b90c-295c4fdc6517","creator_id":"IBMid-66100254L9","create_time":1624547228243,"size":26099,"is_remote":false,"is_managed":true,"is_referenced":false,"is_object_key_read_only":false,"is_user_provided_path_key":false,"transfer_complete":true,"is_partitioned":false,"complete_time_ticks":1624547230043,"user_data":{},"test_doc":0,"handle":{"bucket":"healthinsurancepremiumprediction-donotdelete-pr-oj1gfnjzpa9z2v","location":"us-geo","type":"bluemix_cos","key":"c26d8884-78c4-48aa-903e-54b9acc4f071/191ada46-5200-4821-a60c-166a0d862d07/cb0fe5d3-e577-42f9-a07b-f685d97477fb","upload_id":"done","max_part_num":1},"usage":{"access_count":0,"last_accessor_id":"IBMid-66100254L9","last_access_time":1624547228243}}]}
