{"metadata":{"asset_id":"380ff56e-8f6c-4c86-aa33-44db68b2d611","asset_attributes":["wml_model"],"name":"Health Insurance Premium Project - P7 Linear Regression","asset_type":"wml_model","created_at":"2021-06-24T15:13:08Z","description":"This project aims at building a web App that automatically estimates premium cost by taking the input values.","origin_country":"us","owner_id":"IBMid-66100254L9","project_id":"5f52e9b8-5e8d-4e06-a819-dfd91d131407","sandbox_id":"5f52e9b8-5e8d-4e06-a819-dfd91d131407","size":7311,"tags":[],"usage":{"last_update_time":1624547594199,"last_updated_at":"2021-06-24T15:13:14Z"}},"entity":{"wml_model":{"hybrid_pipeline_software_specs":[{"base_id":"a545cca3-02df-5c61-9e88-998b09dc79af","name":"autoai-kb_3.3-py3.7"}],"label_column":"expenses","pipeline":{"id":"557b3854-aea0-4a7a-95b3-807f3fd0726d"},"ml_version":"4.0.9","type":"wml-hybrid_0.1","schemas":{"input":[{"fields":[{"name":"age","type":"integer"},{"name":"sex","type":"other"},{"name":"bmi","type":"double"},{"name":"children","type":"integer"},{"name":"smoker","type":"other"},{"name":"region","type":"other"}],"id":"auto_ai_kb_input_schema"}],"output":[]},"content_location":{"connection":{"access_key_id":"5050c939b83b4c02a15854febe4aba6e","endpoint_url":"https://s3.us.cloud-object-storage.appdomain.cloud","secret_access_key":"b610a702cf62395a836938770a264e0de1e15bee64372181","accessKeyId":"5050c939b83b4c02a15854febe4aba6e"},"contents":[{"content_format":"pipeline-node","file_name":"P7_automl.zip","location":"auto_ml/6eac06ed-1a77-4f32-b70c-2c8d8a1b36bf/wml_data/5bbd8fda-aa26-4e36-bbe8-241d40142377/assets/5bbd8fda-aa26-4e36-bbe8-241d40142377_P7_cognito_output/resources/wml_model/P7_automl.zip","pipeline_node_id":"automl"},{"content_format":"native","file_name":"pipeline_model.json","location":"auto_ml/6eac06ed-1a77-4f32-b70c-2c8d8a1b36bf/wml_data/5bbd8fda-aa26-4e36-bbe8-241d40142377/assets/5bbd8fda-aa26-4e36-bbe8-241d40142377_P7_cognito_output/resources/wml_model/pipeline_model.json"}],"location":{"path":"auto_ml/6eac06ed-1a77-4f32-b70c-2c8d8a1b36bf/wml_data","notebooks_path":"auto_ml/6eac06ed-1a77-4f32-b70c-2c8d8a1b36bf/wml_data/5bbd8fda-aa26-4e36-bbe8-241d40142377/notebooks","training":"auto_ml/6eac06ed-1a77-4f32-b70c-2c8d8a1b36bf/wml_data/5bbd8fda-aa26-4e36-bbe8-241d40142377","training_status":"auto_ml/6eac06ed-1a77-4f32-b70c-2c8d8a1b36bf/wml_data/5bbd8fda-aa26-4e36-bbe8-241d40142377/training-status.json","bucket":"healthinsurancepremiumprediction-donotdelete-pr-oj1gfnjzpa9z2v","type":"s3","assets_path":"auto_ml/6eac06ed-1a77-4f32-b70c-2c8d8a1b36bf/wml_data/5bbd8fda-aa26-4e36-bbe8-241d40142377/assets"},"type":"s3"},"training_data_references":[{"connection":{"endpoint_url":"https://s3.us.cloud-object-storage.appdomain.cloud","auth_endpoint":"https://iam.bluemix.net/oidc/token/","api_key":"nk5WLwQQmvGdMvRbG-Si1bPYwWEWLhlbI5EGnU5auIwR","secret_access_key":"b610a702cf62395a836938770a264e0de1e15bee64372181","access_key_id":"5050c939b83b4c02a15854febe4aba6e","service_instance_id":"iam-ServiceId-70c061db-085e-4e6e-af47-333bb6ce3bfd"},"location":{"bucket":"healthinsurancepremiumprediction-donotdelete-pr-oj1gfnjzpa9z2v","path":"insurance.csv","type":"s3"},"schema":{"fields":[{"name":"age","type":"integer"},{"name":"sex","type":"other"},{"name":"bmi","type":"double"},{"name":"children","type":"integer"},{"name":"smoker","type":"other"},{"name":"region","type":"other"},{"name":"expenses","type":"double"}],"id":"auto_ai_kb_input_schema"},"type":"s3"}],"software_spec":{"base_id":"8c1a58c6-62b5-4dc4-987a-df751c2756b6","name":"hybrid_0.1"},"content_import_state":"completed"}},"attachments":[{"id":"22908824-7560-4ce1-b0b6-3f363068ca09","version":2,"asset_type":"wml_model","name":"P7_automl.zip","datasource_type":"193a97c1-4475-4a19-b90c-295c4fdc6517","creator_id":"IBMid-66100254L9","create_time":1624547589422,"size":5789,"is_remote":false,"is_managed":true,"is_referenced":false,"is_object_key_read_only":false,"is_user_provided_path_key":false,"transfer_complete":true,"is_partitioned":false,"complete_time_ticks":1624547591268,"user_data":{"content_format":"pipeline-node","pipeline_node_id":"automl"},"test_doc":0,"handle":{"bucket":"healthinsurancepremiumprediction-donotdelete-pr-oj1gfnjzpa9z2v","location":"us-geo","type":"bluemix_cos","key":"c26d8884-78c4-48aa-903e-54b9acc4f071/380ff56e-8f6c-4c86-aa33-44db68b2d611/22908824-7560-4ce1-b0b6-3f363068ca09","upload_id":"done","max_part_num":1},"usage":{"access_count":0,"last_accessor_id":"IBMid-66100254L9","last_access_time":1624547589422}},{"id":"8b8f8d57-29cd-42b5-82eb-9bd67935c7d9","version":2,"asset_type":"wml_model","name":"pipeline_model.json","datasource_type":"193a97c1-4475-4a19-b90c-295c4fdc6517","creator_id":"IBMid-66100254L9","create_time":1624547592473,"size":1522,"is_remote":false,"is_managed":true,"is_referenced":false,"is_object_key_read_only":false,"is_user_provided_path_key":false,"transfer_complete":true,"is_partitioned":false,"complete_time_ticks":1624547594051,"user_data":{"content_format":"native"},"test_doc":0,"handle":{"bucket":"healthinsurancepremiumprediction-donotdelete-pr-oj1gfnjzpa9z2v","location":"us-geo","type":"bluemix_cos","key":"c26d8884-78c4-48aa-903e-54b9acc4f071/380ff56e-8f6c-4c86-aa33-44db68b2d611/8b8f8d57-29cd-42b5-82eb-9bd67935c7d9","upload_id":"done","max_part_num":1},"usage":{"access_count":0,"last_accessor_id":"IBMid-66100254L9","last_access_time":1624547592473}}]}
