{"metadata":{"asset_id":"557b3854-aea0-4a7a-95b3-807f3fd0726d","asset_attributes":["wml_pipeline"],"name":"Health Insurance Premium Project","asset_type":"wml_pipeline","created_at":"2021-06-24T15:01:18Z","description":"This project aims at building a web App that automatically estimates premium cost by taking the input values.","origin_country":"us","owner_id":"IBMid-66100254L9","project_id":"5f52e9b8-5e8d-4e06-a819-dfd91d131407","sandbox_id":"5f52e9b8-5e8d-4e06-a819-dfd91d131407","size":0,"tags":["dsx-project.5f52e9b8-5e8d-4e06-a819-dfd91d131407"],"usage":{"last_update_time":1624546878572,"last_updated_at":"2021-06-24T15:01:18Z"}},"entity":{"wml_pipeline":{"document":{"doc_type":"pipeline","pipelines":[{"id":"autoai","nodes":[{"id":"automl","op":"kube","parameters":{"output_logs":true,"input_file_separator":",","stage_flag":true,"optimization":{"compute_pipeline_notebooks_flag":true,"daub_adaptive_subsampling_max_mem_usage":15000000000,"holdout_param":0.1,"label":"expenses","learning_type":"regression","max_num_daub_ensembles":2,"run_cognito_flag":true,"scorer_for_ranking":"neg_root_mean_squared_error"},"one_vs_all_file":true},"runtime_ref":"autoai","type":"execution_node"}],"runtime_ref":"hybrid"}],"primary_pipeline":"autoai","runtimes":[{"app_data":{"wml_data":{"hardware_spec":{"base_id":"a6c4923b-b8e4-444c-9f43-8a7ec3020110","name":"L"}}},"id":"autoai","name":"auto_ai.kb"}],"version":"2.0"},"ml_version":"4.0.0"}}}
